"Site","Year","Month","Treatment","n","N_ave","Total_ER_ave","Total_ER_sd","Total_ER_se","Class","n_group","n_ave","Class_ER_ave","Class_ER_sd","Class_ER_se","Percent_ave","Percent_sd","Percent_se","Treatment2"
"SWAN","2018","August","control",3,124,71.3492118384004,32.3832568438797,18.6964820560507,"acid",3,0,0,0,0,0,0,0,"C"
"SWAN","2018","August","control",3,124,71.3492118384004,32.3832568438797,18.6964820560507,"alcohol",3,1,2.69936466065848,3.34034392449332,1.92854846399215,2.97340740031788,2.97092352650278,1.71526349776817,"C"
"SWAN","2018","August","control",3,124,71.3492118384004,32.3832568438797,18.6964820560507,"aldehyde",3,3,2.07698048559533,1.98955613689647,1.14867077120505,2.6196471077211,1.48435896851337,0.856995050045232,"C"
"SWAN","2018","August","control",3,124,71.3492118384004,32.3832568438797,18.6964820560507,"alkane",3,29,20.774778182711,10.744765018538,6.20349297583219,28.7402074562339,2.6069568909436,1.50512726275204,"C"
"SWAN","2018","August","control",3,124,71.3492118384004,32.3832568438797,18.6964820560507,"alkene",3,5,1.85573968769641,2.27684941138549,1.31453962056765,2.82724031799706,2.93820040711296,1.69637079597974,"C"
"SWAN","2018","August","control",3,124,71.3492118384004,32.3832568438797,18.6964820560507,"Bz",3,6,5.49096684967483,3.14812721179527,1.81757209317319,9.25199570260116,5.82223257511271,3.36146754452593,"C"
"SWAN","2018","August","control",3,124,71.3492118384004,32.3832568438797,18.6964820560507,"ester",3,8,1.13803747746488,1.58745171338538,0.916515674048583,1.16984830384463,1.51670090848017,0.875667677791175,"C"
"SWAN","2018","August","control",3,124,71.3492118384004,32.3832568438797,18.6964820560507,"furan",3,5,3.33412057690765,2.14854418961651,1.2404625662409,6.70202345131028,7.46452512584024,4.30964559077659,"C"
"SWAN","2018","August","control",3,124,71.3492118384004,32.3832568438797,18.6964820560507,"halogen",3,1,0.713404242229324,1.22083118911107,0.704847215668368,0.972129678621411,1.64458751011345,0.949503041669899,"C"
"SWAN","2018","August","control",3,124,71.3492118384004,32.3832568438797,18.6964820560507,"isoprene",3,0,2.16375696448782,3.74773699772391,2.16375696448782,2.92598256520459,5.06795046499506,2.92598256520459,"C"
"SWAN","2018","August","control",3,124,71.3492118384004,32.3832568438797,18.6964820560507,"ketone",3,5,1.75783770048491,1.47845485033088,0.853586305823243,2.19752106904052,1.87819557312749,1.08437671973592,"C"
"SWAN","2018","August","control",3,124,71.3492118384004,32.3832568438797,18.6964820560507,"MT",3,8,5.48631909762344,4.47981305728638,2.58642127454349,6.51462467633362,5.04090862056552,2.91036994904381,"C"
"SWAN","2018","August","control",3,124,71.3492118384004,32.3832568438797,18.6964820560507,"nitro",3,3,0.842951845488591,1.14156568802567,0.659083257279259,1.09151489894376,1.57466889713085,0.90913551164303,"C"
"SWAN","2018","August","control",3,124,71.3492118384004,32.3832568438797,18.6964820560507,"oBz",3,7,18.796093566507,11.5404876289245,6.66290363913913,26.2608170746034,7.46914562192805,4.31231323543668,"C"
"SWAN","2018","August","control",3,124,71.3492118384004,32.3832568438797,18.6964820560507,"oMT",3,11,0.10166045699661,0.123777882032535,0.0714631935112057,0.10758358714655,0.117986153363685,0.0681193374051722,"C"
"SWAN","2018","August","control",3,124,71.3492118384004,32.3832568438797,18.6964820560507,"oST",3,2,0.365900027130366,0.365319162763599,0.210917116961693,0.431447001397967,0.290066447799151,0.167469941719718,"C"
"SWAN","2018","August","control",3,124,71.3492118384004,32.3832568438797,18.6964820560507,"other",3,9,0.437586956894062,0.464133286974567,0.267967478174632,0.479401053247003,0.442644610009443,0.255560984744289,"C"
"SWAN","2018","August","control",3,124,71.3492118384004,32.3832568438797,18.6964820560507,"ovoc",3,10,3.22419145638819,2.44800365002885,1.41335556632134,4.64355681890736,2.50433766376491,1.44588002431639,"C"
"SWAN","2018","August","control",3,124,71.3492118384004,32.3832568438797,18.6964820560507,"ST",3,9,0.0895216034614485,0.130996661303473,0.0756309576665024,0.0910518365278002,0.125613317241938,0.0725228825234347,"C"
"SWAN","2018","August","control",3,124,71.3492118384004,32.3832568438797,18.6964820560507,"sulfo",3,2,0,0,0,0,0,0,"C"
"SWAN","2018","August","heated",3,124,152.034489662133,87.2793203307326,50.390739087636,"acid",3,0,0,0,0,0,0,0,"H"
"SWAN","2018","August","heated",3,124,152.034489662133,87.2793203307326,50.390739087636,"alcohol",3,1,6.04379116749005,6.5353119180661,3.77316409513363,3.22574582960738,1.95857924452835,1.13078625405766,"H"
"SWAN","2018","August","heated",3,124,152.034489662133,87.2793203307326,50.390739087636,"aldehyde",3,3,14.5506900814844,19.2505773816141,11.1143260333306,7.16909442870022,6.55423303538504,3.78408820731109,"H"
"SWAN","2018","August","heated",3,124,152.034489662133,87.2793203307326,50.390739087636,"alkane",3,29,33.621740881477,18.0433065513624,10.4173078945,22.4035770604056,7.98832751816262,4.61206304298609,"H"
"SWAN","2018","August","heated",3,124,152.034489662133,87.2793203307326,50.390739087636,"alkene",3,5,2.35708405150492,0.127089535531029,0.0733751775500239,1.87737931176497,0.89965201340497,0.519414332116348,"H"
"SWAN","2018","August","heated",3,124,152.034489662133,87.2793203307326,50.390739087636,"Bz",3,6,4.8901145423011,2.03206265857904,1.1732119229408,4.05328575416358,2.37257439795702,1.3698064673329,"H"
"SWAN","2018","August","heated",3,124,152.034489662133,87.2793203307326,50.390739087636,"ester",3,8,6.03425793599202,6.54292713711486,3.77756074390137,3.30472292475562,1.86425105067246,1.07632584594279,"H"
"SWAN","2018","August","heated",3,124,152.034489662133,87.2793203307326,50.390739087636,"furan",3,5,3.41469440526799,1.62435562498577,0.937822157345215,2.57856205339723,1.42911530300824,0.825100104894821,"H"
"SWAN","2018","August","heated",3,124,152.034489662133,87.2793203307326,50.390739087636,"halogen",3,1,0.574784897142888,0.198002085262731,0.114316557226545,0.519212639499655,0.392891316896375,0.226835907572388,"H"
"SWAN","2018","August","heated",3,124,152.034489662133,87.2793203307326,50.390739087636,"isoprene",3,0,6.98013834509252,7.74941531103247,4.4741270158868,3.63168965598417,2.54833645481857,1.47128273817524,"H"
"SWAN","2018","August","heated",3,124,152.034489662133,87.2793203307326,50.390739087636,"ketone",3,5,8.51964645327701,5.27463242053753,3.04531044787367,5.57747529701776,0.644444604799344,0.372070266058704,"H"
"SWAN","2018","August","heated",3,124,152.034489662133,87.2793203307326,50.390739087636,"MT",3,8,5.84864438480457,3.03502399654821,1.75227192140408,4.55001807769292,3.38509390118303,1.95438487508018,"H"
"SWAN","2018","August","heated",3,124,152.034489662133,87.2793203307326,50.390739087636,"nitro",3,3,1.35562448439158,0.909290628568233,0.524979189175473,0.949576106078915,0.543808033557526,0.313967714561918,"H"
"SWAN","2018","August","heated",3,124,152.034489662133,87.2793203307326,50.390739087636,"oBz",3,7,45.8766018740991,17.589184178093,10.1551202200479,32.5364203459236,6.61261983504903,3.81779784181422,"H"
"SWAN","2018","August","heated",3,124,152.034489662133,87.2793203307326,50.390739087636,"oMT",3,11,0.252852058716187,0.299546497406803,0.172943250912627,0.139423253609312,0.101042745382358,0.0583370562461634,"H"
"SWAN","2018","August","heated",3,124,152.034489662133,87.2793203307326,50.390739087636,"oST",3,2,1.57962711926697,1.26339293539057,0.729420251340017,1.03156764653588,0.51153580833618,0.295335336643026,"H"
"SWAN","2018","August","heated",3,124,152.034489662133,87.2793203307326,50.390739087636,"other",3,9,1.41807930010302,2.28998361381052,1.32212265587334,0.60942349320565,0.882236047149568,0.509359219310595,"H"
"SWAN","2018","August","heated",3,124,152.034489662133,87.2793203307326,50.390739087636,"ovoc",3,10,8.13940340864112,3.96968719338925,2.2918999697019,5.53420916359701,0.479206203355972,0.276669830504909,"H"
"SWAN","2018","August","heated",3,124,152.034489662133,87.2793203307326,50.390739087636,"ST",3,9,0.576714271080788,0.740490950874834,0.427522649820067,0.308616958060437,0.265492925665732,0.153282412101052,"H"
"SWAN","2018","August","heated",3,124,152.034489662133,87.2793203307326,50.390739087636,"sulfo",3,2,0,0,0,0,0,0,"H"
"SWAN","2018","August","heated_nitrogen",3,124,167.055587771823,50.5940508215272,29.2104888612024,"acid",3,0,0,0,0,0,0,0,"HxN"
"SWAN","2018","August","heated_nitrogen",3,124,167.055587771823,50.5940508215272,29.2104888612024,"alcohol",3,1,8.5817038474492,1.10229484645623,0.636410226327842,5.38663242963685,1.46185350463635,0.844001514417596,"HxN"
"SWAN","2018","August","heated_nitrogen",3,124,167.055587771823,50.5940508215272,29.2104888612024,"aldehyde",3,3,10.8123856986462,2.29909827265504,1.32738500661079,6.64254972739932,1.40315821066412,0.810113770642562,"HxN"
"SWAN","2018","August","heated_nitrogen",3,124,167.055587771823,50.5940508215272,29.2104888612024,"alkane",3,29,50.5387473646953,47.1976637636212,27.2495838790481,26.7945871090864,17.1470710764742,9.89986610181601,"HxN"
"SWAN","2018","August","heated_nitrogen",3,124,167.055587771823,50.5940508215272,29.2104888612024,"alkene",3,5,1.4046700912434,0.465068734901499,0.268507559287059,0.837220888068089,0.0547489225038254,0.0316093051454256,"HxN"
"SWAN","2018","August","heated_nitrogen",3,124,167.055587771823,50.5940508215272,29.2104888612024,"Bz",3,6,5.55969549348983,4.15211293855847,2.39722352278246,3.08113467045255,1.55075844372017,0.895330804929923,"HxN"
"SWAN","2018","August","heated_nitrogen",3,124,167.055587771823,50.5940508215272,29.2104888612024,"ester",3,8,5.98788970614318,2.75993941886878,1.59345176643095,4.04141769770832,2.48929365677146,1.43719436282903,"HxN"
"SWAN","2018","August","heated_nitrogen",3,124,167.055587771823,50.5940508215272,29.2104888612024,"furan",3,5,2.63323624877596,1.42320729046488,0.821689112262535,1.5091165306282,0.344336537902635,0.19880279284991,"HxN"
"SWAN","2018","August","heated_nitrogen",3,124,167.055587771823,50.5940508215272,29.2104888612024,"halogen",3,1,0.309035057497713,0.141104551531588,0.081466750810644,0.183581052224456,0.0683421977078833,0.0394573862436571,"HxN"
"SWAN","2018","August","heated_nitrogen",3,124,167.055587771823,50.5940508215272,29.2104888612024,"isoprene",3,0,0,0,0,0,0,0,"HxN"
"SWAN","2018","August","heated_nitrogen",3,124,167.055587771823,50.5940508215272,29.2104888612024,"ketone",3,5,5.40580288765222,3.5512969672715,2.0503422600265,3.03525069018892,1.126759861678,0.650535109451861,"HxN"
"SWAN","2018","August","heated_nitrogen",3,124,167.055587771823,50.5940508215272,29.2104888612024,"MT",3,8,6.58788358401863,2.55721622006623,1.47640947303132,3.93529624062018,1.10535271363095,0.638175686764314,"HxN"
"SWAN","2018","August","heated_nitrogen",3,124,167.055587771823,50.5940508215272,29.2104888612024,"nitro",3,3,2.67142242518682,0.580330591227387,0.335054023064107,1.62975563535113,0.234639042266667,0.135468914215056,"HxN"
"SWAN","2018","August","heated_nitrogen",3,124,167.055587771823,50.5940508215272,29.2104888612024,"oBz",3,7,51.1009548041127,12.0874283386687,6.97868000514071,33.5812684079888,14.8239039002461,8.55858490724824,"HxN"
"SWAN","2018","August","heated_nitrogen",3,124,167.055587771823,50.5940508215272,29.2104888612024,"oMT",3,11,0.400802864811185,0.280207592939722,0.161777929212725,0.222810784988271,0.0875429431887022,0.0505429418156493,"HxN"
"SWAN","2018","August","heated_nitrogen",3,124,167.055587771823,50.5940508215272,29.2104888612024,"oST",3,2,2.82499097862426,1.94003634129472,1.12008050388417,1.57380502522324,0.592422571654338,0.342035331218642,"HxN"
"SWAN","2018","August","heated_nitrogen",3,124,167.055587771823,50.5940508215272,29.2104888612024,"other",3,9,0.424945499115458,0.12870828543912,0.0743097632452113,0.273364006710447,0.129134147489129,0.0745556348144212,"HxN"
"SWAN","2018","August","heated_nitrogen",3,124,167.055587771823,50.5940508215272,29.2104888612024,"ovoc",3,10,10.5507126283722,1.33702548109955,0.771932021426215,6.60905855497815,1.71612381897279,0.990804548846671,"HxN"
"SWAN","2018","August","heated_nitrogen",3,124,167.055587771823,50.5940508215272,29.2104888612024,"ST",3,9,1.26070859198885,1.22635814805719,0.708038206903707,0.663150548746742,0.457150477444954,0.26393595121301,"HxN"
"SWAN","2018","August","heated_nitrogen",3,124,167.055587771823,50.5940508215272,29.2104888612024,"sulfo",3,2,0,0,0,0,0,0,"HxN"
"SWAN","2018","August","nitrogen",3,124,123.502956393368,60.4189284638432,34.8828846127486,"acid",3,0,0,0,0,0,0,0,"N"
"SWAN","2018","August","nitrogen",3,124,123.502956393368,60.4189284638432,34.8828846127486,"alcohol",3,1,4.22824758592259,1.17099293608634,0.6760730868686,3.66915393012582,0.770791060909086,0.445016426504818,"N"
"SWAN","2018","August","nitrogen",3,124,123.502956393368,60.4189284638432,34.8828846127486,"aldehyde",3,3,12.7983376192405,5.68032794925378,3.27953887058703,12.6993435225166,10.3080228923178,5.95133979169251,"N"
"SWAN","2018","August","nitrogen",3,124,123.502956393368,60.4189284638432,34.8828846127486,"alkane",3,29,20.40488589032,9.17014017658399,5.29438289945737,16.7598140855779,0.775041757715079,0.447470567450002,"N"
"SWAN","2018","August","nitrogen",3,124,123.502956393368,60.4189284638432,34.8828846127486,"alkene",3,5,3.19817089211891,2.52331852467752,1.45683862947374,2.34544257187448,1.8677470665591,1.07834427165603,"N"
"SWAN","2018","August","nitrogen",3,124,123.502956393368,60.4189284638432,34.8828846127486,"Bz",3,6,3.54752552236125,2.93467217591996,1.69433377075069,2.71661947192946,2.52901351244719,1.46012663219559,"N"
"SWAN","2018","August","nitrogen",3,124,123.502956393368,60.4189284638432,34.8828846127486,"ester",3,8,6.58149696333033,7.79200602982668,4.49871677884762,4.49489313180837,3.51562879981596,2.02974923394454,"N"
"SWAN","2018","August","nitrogen",3,124,123.502956393368,60.4189284638432,34.8828846127486,"furan",3,5,2.65600158307375,1.0338654240414,0.596902480876148,2.26908482453522,0.552015827789543,0.318706486771226,"N"
"SWAN","2018","August","nitrogen",3,124,123.502956393368,60.4189284638432,34.8828846127486,"halogen",3,1,0.606448387237713,0.414884237235518,0.239533526050459,0.523228521635341,0.373672079672414,0.215739675787515,"N"
"SWAN","2018","August","nitrogen",3,124,123.502956393368,60.4189284638432,34.8828846127486,"isoprene",3,0,7.92979253677897,4.41073843540507,2.54654102300615,6.35293129708163,2.86307554333125,1.65299743565253,"N"
"SWAN","2018","August","nitrogen",3,124,123.502956393368,60.4189284638432,34.8828846127486,"ketone",3,5,4.39983708430505,3.78384243056208,2.18460244585614,4.0026666851419,3.45932199010937,1.99724048220324,"N"
"SWAN","2018","August","nitrogen",3,124,123.502956393368,60.4189284638432,34.8828846127486,"MT",3,8,3.64058930609223,3.69788277068207,2.13497361308497,3.0186276042645,3.42330841234053,1.97644803338392,"N"
"SWAN","2018","August","nitrogen",3,124,123.502956393368,60.4189284638432,34.8828846127486,"nitro",3,3,1.53629405061352,0.278542897518195,0.160816816862989,1.38384121964185,0.457401414328686,0.264080829690382,"N"
"SWAN","2018","August","nitrogen",3,124,123.502956393368,60.4189284638432,34.8828846127486,"oBz",3,7,38.6415877459106,25.1342465641006,14.5112640196619,29.6686801669188,4.97804704654092,2.87407680235902,"N"
"SWAN","2018","August","nitrogen",3,124,123.502956393368,60.4189284638432,34.8828846127486,"oMT",3,11,0.0787369218964475,0.0315105203800627,0.0181926074237344,0.0681643399619991,0.026059146851899,0.0150452554497959,"N"
"SWAN","2018","August","nitrogen",3,124,123.502956393368,60.4189284638432,34.8828846127486,"oST",3,2,1.09866847613541,0.176298415401654,0.101785937589849,1.07504369504496,0.651362157694149,0.376064117084652,"N"
"SWAN","2018","August","nitrogen",3,124,123.502956393368,60.4189284638432,34.8828846127486,"other",3,9,1.8716202127284,2.82756951588403,1.63249802114802,1.08843772530922,1.40896519031745,0.813466431908591,"N"
"SWAN","2018","August","nitrogen",3,124,123.502956393368,60.4189284638432,34.8828846127486,"ovoc",3,10,10.0870943803959,8.04642342597058,4.64560473099782,7.65738529716452,2.76096477418873,1.59404375560094,"N"
"SWAN","2018","August","nitrogen",3,124,123.502956393368,60.4189284638432,34.8828846127486,"ST",3,9,0.197621234905912,0.0644018446925006,0.0371824223695237,0.2066419094675,0.158446727072873,0.0914792605277386,"N"
"SWAN","2018","August","nitrogen",3,124,123.502956393368,60.4189284638432,34.8828846127486,"sulfo",3,2,0,0,0,0,0,0,"N"
"SWAN","2018","June","control",3,99,141.522493194616,89.1151452811904,51.4506531169679,"acid",3,0,0.0828436931922302,0.0717459041369716,0.0414225170667337,0.0538064377270324,0.0549243901633228,0.0317106114458704,"C"
"SWAN","2018","June","control",3,99,141.522493194616,89.1151452811904,51.4506531169679,"alcohol",3,0,0.941337494633198,1.07645384150736,0.621490915164482,0.535904979408068,0.318463839668191,0.183865183559592,"C"
"SWAN","2018","June","control",3,99,141.522493194616,89.1151452811904,51.4506531169679,"aldehyde",3,4,29.5071068550882,14.8739550666244,8.58748196163,26.7091354221964,22.9878537652365,13.2720435594511,"C"
"SWAN","2018","June","control",3,99,141.522493194616,89.1151452811904,51.4506531169679,"alkane",3,22,16.9243522632932,9.2739782912074,5.35433386288734,13.4448852719028,8.12711809840811,4.6921938218518,"C"
"SWAN","2018","June","control",3,99,141.522493194616,89.1151452811904,51.4506531169679,"alkene",3,4,3.14398917079946,3.11953654135708,1.80106526189938,2.28408921092017,2.88748860748103,1.66709232481115,"C"
"SWAN","2018","June","control",3,99,141.522493194616,89.1151452811904,51.4506531169679,"Bz",3,3,7.64443953458964,6.88331099468001,3.97408145569442,5.27048437792904,6.02614274408004,3.47919513546972,"C"
"SWAN","2018","June","control",3,99,141.522493194616,89.1151452811904,51.4506531169679,"ester",3,3,3.00627459262335,2.93452542040724,1.69424904141592,1.79826150332913,0.801252216728931,0.462603183017233,"C"
"SWAN","2018","June","control",3,99,141.522493194616,89.1151452811904,51.4506531169679,"furan",3,4,7.04700718684649,4.07887002743817,2.35493670833092,5.40910076304544,2.29593438040958,1.32555833257119,"C"
"SWAN","2018","June","control",3,99,141.522493194616,89.1151452811904,51.4506531169679,"halogen",3,1,0.179986870625108,0.292606992527587,0.168936725902569,0.156018841615145,0.262258217028102,0.151414852198366,"C"
"SWAN","2018","June","control",3,99,141.522493194616,89.1151452811904,51.4506531169679,"isoprene",3,0,3.32480752295379,1.54144907714735,0.889956039633123,3.33373317710016,2.34594173301374,1.35443009105866,"C"
"SWAN","2018","June","control",3,99,141.522493194616,89.1151452811904,51.4506531169679,"ketone",3,4,3.14523823361781,2.18181394248918,1.25967086701781,2.13284360143306,0.42361939574956,0.244576772169955,"C"
"SWAN","2018","June","control",3,99,141.522493194616,89.1151452811904,51.4506531169679,"MT",3,1,31.607847911981,50.1263389726945,28.9404552993756,14.8387346750265,19.5244800432855,11.2724638087784,"C"
"SWAN","2018","June","control",3,99,141.522493194616,89.1151452811904,51.4506531169679,"nitro",3,2,1.57357960356732,0.955890727856891,0.551883769044043,1.10919218090056,0.398594663435001,0.230128736231746,"C"
"SWAN","2018","June","control",3,99,141.522493194616,89.1151452811904,51.4506531169679,"oBz",3,5,30.3971066813198,21.1975774983437,12.2384270748367,20.53207676783,10.1453645153329,5.85742893395435,"C"
"SWAN","2018","June","control",3,99,141.522493194616,89.1151452811904,51.4506531169679,"oMT",3,11,0.242436386774789,0.118749284240614,0.0685599312223936,0.184074552814404,0.0764217298019594,0.0441221062730981,"C"
"SWAN","2018","June","control",3,99,141.522493194616,89.1151452811904,51.4506531169679,"oST",3,1,0.115680832563774,0.116988644848421,0.0675434255953653,0.0728761161748209,0.0336508888109732,0.0194283497134856,"C"
"SWAN","2018","June","control",3,99,141.522493194616,89.1151452811904,51.4506531169679,"other",3,11,1.60550735901893,1.6122453047967,0.930830260724087,1.57340213520994,1.44802090495672,0.836015259268967,"C"
"SWAN","2018","June","control",3,99,141.522493194616,89.1151452811904,51.4506531169679,"ovoc",3,15,0.660202646874462,0.868315587199435,0.501322238011142,0.341194260977517,0.301485089239538,0.174062497429105,"C"
"SWAN","2018","June","control",3,99,141.522493194616,89.1151452811904,51.4506531169679,"ST",3,8,0.26829711818657,0.301878586580261,0.174289683224697,0.173088922943831,0.129777732720282,0.0749272089208743,"C"
"SWAN","2018","June","control",3,99,141.522493194616,89.1151452811904,51.4506531169679,"sulfo",3,0,0.104451236066876,0.169859387959042,0.098068363362538,0.0470968015158605,0.0672836393361549,0.0388462272827867,"C"
"SWAN","2018","June","heated",2,99,91.8634513415629,42.6900910854345,30.1864528959821,"acid",2,0,0.0587962230280713,0.0831504160226117,0.0587962230280713,0.048173919836624,0.0681282107856279,0.048173919836624,"H"
"SWAN","2018","June","heated",2,99,91.8634513415629,42.6900910854345,30.1864528959821,"alcohol",2,0,1.2092392469306,1.07488921004851,0.760061449449556,1.17089764883405,0.625963785212017,0.442623237300617,"H"
"SWAN","2018","June","heated",2,99,91.8634513415629,42.6900910854345,30.1864528959821,"aldehyde",2,4,14.9576134191113,10.0816035851205,7.12877026027333,15.3947427933146,3.82042456823986,2.70144811921409,"H"
"SWAN","2018","June","heated",2,99,91.8634513415629,42.6900910854345,30.1864528959821,"alkane",2,22,16.7187196369848,4.24974492016005,3.00502345135826,19.1975465487427,4.29518500561896,3.03715444392394,"H"
"SWAN","2018","June","heated",2,99,91.8634513415629,42.6900910854345,30.1864528959821,"alkene",2,4,0.552616719225024,0.77671743382044,0.549222164520246,0.454140552561136,0.634468234933921,0.448636791369235,"H"
"SWAN","2018","June","heated",2,99,91.8634513415629,42.6900910854345,30.1864528959821,"Bz",2,3,2.7180244729696,3.65821934990813,2.58675170938788,2.27961919565516,2.92286845276307,2.066780103465,"H"
"SWAN","2018","June","heated",2,99,91.8634513415629,42.6900910854345,30.1864528959821,"ester",2,3,1.33192238531802,0.719832278189389,0.508998285224678,1.42129117701363,0.123097683008415,0.087043206403602,"H"
"SWAN","2018","June","heated",2,99,91.8634513415629,42.6900910854345,30.1864528959821,"furan",2,4,2.52979681388399,0.204808473736509,0.144821460623553,3.14529539085859,1.68460679236405,1.19119688651354,"H"
"SWAN","2018","June","heated",2,99,91.8634513415629,42.6900910854345,30.1864528959821,"halogen",2,1,0.125791362739362,0.0739598083991508,0.0522974820542973,0.132537039043456,0.0189189775212575,0.013377737298397,"H"
"SWAN","2018","June","heated",2,99,91.8634513415629,42.6900910854345,30.1864528959821,"isoprene",2,0,1.10487290671806,1.56252624937926,1.10487290671806,1.79138566169512,2.53340189820993,1.79138566169512,"H"
"SWAN","2018","June","heated",2,99,91.8634513415629,42.6900910854345,30.1864528959821,"ketone",2,4,4.30889623098562,2.816200575132,1.99135452385729,4.45978731128322,0.993118913349361,0.702241118153948,"H"
"SWAN","2018","June","heated",2,99,91.8634513415629,42.6900910854345,30.1864528959821,"MT",2,1,6.30794596104968,7.43282990900674,5.25580443206485,9.80547244758047,12.6478973504223,8.94341398423498,"H"
"SWAN","2018","June","heated",2,99,91.8634513415629,42.6900910854345,30.1864528959821,"nitro",2,2,1.38535386160196,0.196258213035307,0.138775513300819,1.74625743321824,1.02514883570052,0.724889693449331,"H"
"SWAN","2018","June","heated",2,99,91.8634513415629,42.6900910854345,30.1864528959821,"oBz",2,5,34.2659969562112,26.759500576291,18.9218243186607,34.2285114146528,13.223232633642,9.35023746445551,"H"
"SWAN","2018","June","heated",2,99,91.8634513415629,42.6900910854345,30.1864528959821,"oMT",2,11,0.256880445804846,0.132600076615818,0.0937624133609008,0.275883039780312,0.0161384701182353,0.0114116216585806,"H"
"SWAN","2018","June","heated",2,99,91.8634513415629,42.6900910854345,30.1864528959821,"oST",2,1,0.35655626978824,0.458890986041362,0.324484928055228,0.3050005538831,0.357798413816916,0.253001684707732,"H"
"SWAN","2018","June","heated",2,99,91.8634513415629,42.6900910854345,30.1864528959821,"other",2,11,2.48406860018031,0.155558486068203,0.109996460369939,3.07552621207483,1.59857201739485,1.13036111371496,"H"
"SWAN","2018","June","heated",2,99,91.8634513415629,42.6900910854345,30.1864528959821,"ovoc",2,15,0.91633753986017,1.1562071008392,0.817561881459436,0.790398913847513,0.891306686850941,0.630249002389215,"H"
"SWAN","2018","June","heated",2,99,91.8634513415629,42.6900910854345,30.1864528959821,"ST",2,8,0.229494498631599,0.149591692717093,0.105777300329431,0.237644729992019,0.0524048904332692,0.0370558533927027,"H"
"SWAN","2018","June","heated",2,99,91.8634513415629,42.6900910854345,30.1864528959821,"sulfo",2,0,0.0445277905404814,0.050964407355192,0.0360372780400098,0.0398880161324267,0.0369419790357169,0.0261219238866067,"H"
"SWAN","2018","June","heated_nitrogen",3,99,161.551052307554,150.016975160839,86.612340992124,"acid",3,0,0.0378759326174435,0.0596733169014059,0.0344524055764646,0.0367671246842396,0.0618790060644277,0.0357258608084838,"HxN"
"SWAN","2018","June","heated_nitrogen",3,99,161.551052307554,150.016975160839,86.612340992124,"alcohol",3,0,22.8385044024329,36.2702965092385,20.9406654531964,7.95290513152726,10.0010437427806,5.77410529707158,"HxN"
"SWAN","2018","June","heated_nitrogen",3,99,161.551052307554,150.016975160839,86.612340992124,"aldehyde",3,4,46.2696597348505,42.2337199373937,24.3836495747335,30.3245374156405,8.11893645812584,4.68747014963242,"HxN"
"SWAN","2018","June","heated_nitrogen",3,99,161.551052307554,150.016975160839,86.612340992124,"alkane",3,22,31.3119007926503,34.1202551082974,19.6993384715942,17.6613870238169,3.56147063681775,2.05621603087768,"HxN"
"SWAN","2018","June","heated_nitrogen",3,99,161.551052307554,150.016975160839,86.612340992124,"alkene",3,4,2.07147485699652,2.69035392870434,1.55327656495282,1.20153630477324,1.07406270837873,0.620110393809,"HxN"
"SWAN","2018","June","heated_nitrogen",3,99,161.551052307554,150.016975160839,86.612340992124,"Bz",3,3,2.09161231192808,1.97487561044339,1.14019496530552,3.18479772210772,4.35844534153307,2.51634959118239,"HxN"
"SWAN","2018","June","heated_nitrogen",3,99,161.551052307554,150.016975160839,86.612340992124,"ester",3,3,1.9709274004459,2.36087689680779,1.36305291189555,1.79730833448725,2.52742990948368,1.45921233859831,"HxN"
"SWAN","2018","June","heated_nitrogen",3,99,161.551052307554,150.016975160839,86.612340992124,"furan",3,4,0.859369422931313,1.19659888330014,0.690856687385344,0.860272331619557,1.22677296814893,0.708277703395343,"HxN"
"SWAN","2018","June","heated_nitrogen",3,99,161.551052307554,150.016975160839,86.612340992124,"halogen",3,1,0.116334235887918,0.177980081464062,0.102756847943668,0.20371016017463,0.345631913953795,0.199550678561749,"HxN"
"SWAN","2018","June","heated_nitrogen",3,99,161.551052307554,150.016975160839,86.612340992124,"isoprene",3,0,1.57693382218866,1.87212867893952,1.08087399674335,2.42061968743301,3.87476321943705,2.23709558778804,"HxN"
"SWAN","2018","June","heated_nitrogen",3,99,161.551052307554,150.016975160839,86.612340992124,"ketone",3,4,19.8111785534149,28.8671507188662,16.6664572382749,8.13832335463989,6.78339560219381,3.91639527694632,"HxN"
"SWAN","2018","June","heated_nitrogen",3,99,161.551052307554,150.016975160839,86.612340992124,"MT",3,1,1.308177491688,1.53158269058181,0.884259678693577,0.622682491198585,0.471183140947818,0.272037713263836,"HxN"
"SWAN","2018","June","heated_nitrogen",3,99,161.551052307554,150.016975160839,86.612340992124,"nitro",3,2,0.930598504236363,0.656177248220574,0.378844110896256,1.27856634993777,1.20142417249246,0.693642569399444,"HxN"
"SWAN","2018","June","heated_nitrogen",3,99,161.551052307554,150.016975160839,86.612340992124,"oBz",3,5,21.5087876057252,17.8542083349972,10.3081319883783,16.3564309196534,18.5224423711321,10.6939370890225,"HxN"
"SWAN","2018","June","heated_nitrogen",3,99,161.551052307554,150.016975160839,86.612340992124,"oMT",3,11,0.954189750927616,0.604090151898547,0.348771611813428,0.732996382460239,0.270361372959772,0.156093211456801,"HxN"
"SWAN","2018","June","heated_nitrogen",3,99,161.551052307554,150.016975160839,86.612340992124,"oST",3,1,0.820750499165999,0.712047633727738,0.411100893008546,0.606033866610408,0.738878694407969,0.42659181311492,"HxN"
"SWAN","2018","June","heated_nitrogen",3,99,161.551052307554,150.016975160839,86.612340992124,"other",3,11,4.04923613001849,1.44237714968938,0.832756835646128,5.00951945333102,5.08976192728991,2.93857541883194,"HxN"
"SWAN","2018","June","heated_nitrogen",3,99,161.551052307554,150.016975160839,86.612340992124,"ovoc",3,15,2.04591413669362,2.3653271115555,1.36562224457809,1.05323473986622,0.35962917005618,0.207631998140377,"HxN"
"SWAN","2018","June","heated_nitrogen",3,99,161.551052307554,150.016975160839,86.612340992124,"ST",3,8,0.582026637511103,0.3808517193462,0.21988484268586,0.428486338506788,0.278806024850322,0.160968733499023,"HxN"
"SWAN","2018","June","heated_nitrogen",3,99,161.551052307554,150.016975160839,86.612340992124,"sulfo",3,0,0.395600085243312,0.648830474547087,0.374602449138193,0.129884867531375,0.18610409459876,0.107447249113886,"HxN"
"SWAN","2018","June","nitrogen",2,99,155.615979991546,3.96634043724084,2.80462621966741,"acid",2,0,0.047064921117682,0.0665598497566458,0.047064921117682,0.0307993614060523,0.0435568746128697,0.0307993614060523,"N"
"SWAN","2018","June","nitrogen",2,99,155.615979991546,3.96634043724084,2.80462621966741,"alcohol",2,0,4.59989951977477,3.17098699513014,2.24222640731088,2.93091361734184,1.96299697711692,1.38804847396807,"N"
"SWAN","2018","June","nitrogen",2,99,155.615979991546,3.96634043724084,2.80462621966741,"aldehyde",2,4,45.6611191383179,21.3401867273799,15.0897907467175,29.1768929100996,12.9697038997233,9.17096557747597,"N"
"SWAN","2018","June","nitrogen",2,99,155.615979991546,3.96634043724084,2.80462621966741,"alkane",2,22,22.4360325135493,1.89465253424418,1.33972165495634,14.4067268900002,0.850319292398595,0.601266537828793,"N"
"SWAN","2018","June","nitrogen",2,99,155.615979991546,3.96634043724084,2.80462621966741,"alkene",2,4,0.316215178932486,0.0503308093739487,0.0355892566109266,0.203680592034002,0.0375343682967379,0.0265408063501768,"N"
"SWAN","2018","June","nitrogen",2,99,155.615979991546,3.96634043724084,2.80462621966741,"Bz",2,3,1.27463041973619,1.80054920612509,1.2731805535111,0.834103435589592,1.17830610203329,0.833188235061229,"N"
"SWAN","2018","June","nitrogen",2,99,155.615979991546,3.96634043724084,2.80462621966741,"ester",2,3,3.21770168188524,2.09126515366485,1.47874777141554,2.0512594193224,1.29158022328603,0.913285134331989,"N"
"SWAN","2018","June","nitrogen",2,99,155.615979991546,3.96634043724084,2.80462621966741,"furan",2,4,3.06671813419052,1.91914187071319,1.35703823084033,1.98705819266522,1.28390115425737,0.907855212548624,"N"
"SWAN","2018","June","nitrogen",2,99,155.615979991546,3.96634043724084,2.80462621966741,"halogen",2,1,0.0156057516223098,0.0220698655952965,0.0156057516223098,0.0102124294020761,0.0144425561651938,0.0102124294020761,"N"
"SWAN","2018","June","nitrogen",2,99,155.615979991546,3.96634043724084,2.80462621966741,"isoprene",2,0,1.03736294384773,1.46705274429274,1.03736294384773,0.678852008206366,0.960041716849655,0.678852008206366,"N"
"SWAN","2018","June","nitrogen",2,99,155.615979991546,3.96634043724084,2.80462621966741,"ketone",2,4,14.9476300864836,8.7220764499186,6.16743940376493,9.53712894558938,5.36178961084278,3.79135779312251,"N"
"SWAN","2018","June","nitrogen",2,99,155.615979991546,3.96634043724084,2.80462621966741,"MT",2,1,1.09498388986816,0.31357321430724,0.221729746235112,0.706442328768361,0.219510311265927,0.155217229636507,"N"
"SWAN","2018","June","nitrogen",2,99,155.615979991546,3.96634043724084,2.80462621966741,"nitro",2,2,1.38533713638169,0.0370624096946007,0.0262070812221662,0.890213710577026,0.00112681442755259,0.000796778122861275,"N"
"SWAN","2018","June","nitrogen",2,99,155.615979991546,3.96634043724084,2.80462621966741,"oBz",2,5,47.9537077304153,32.8346217521759,23.2175836986589,31.094409130729,21.8923094383366,15.480200459682,"N"
"SWAN","2018","June","nitrogen",2,99,155.615979991546,3.96634043724084,2.80462621966741,"oMT",2,11,0.986175639149972,0.608077075424607,0.429975423516823,0.628948401786582,0.374724267177989,0.264970070396715,"N"
"SWAN","2018","June","nitrogen",2,99,155.615979991546,3.96634043724084,2.80462621966741,"oST",2,1,0.566578481351662,0.33151235097081,0.234414631418555,0.361490131158834,0.203818670639901,0.144121564141901,"N"
"SWAN","2018","June","nitrogen",2,99,155.615979991546,3.96634043724084,2.80462621966741,"other",2,11,4.30633418413666,3.34387248564577,2.36447491002324,2.74078874003518,2.07894039784742,1.47003285300057,"N"
"SWAN","2018","June","nitrogen",2,99,155.615979991546,3.96634043724084,2.80462621966741,"ovoc",2,15,1.87174618266939,0.51601457871067,0.364877407797434,1.19896178541092,0.301035711508742,0.212864392987149,"N"
"SWAN","2018","June","nitrogen",2,99,155.615979991546,3.96634043724084,2.80462621966741,"ST",2,8,0.584320404062202,0.169432889067966,0.119807144815987,0.374222692097821,0.0993406609747644,0.0702444550228097,"N"
"SWAN","2018","June","nitrogen",2,99,155.615979991546,3.96634043724084,2.80462621966741,"sulfo",2,0,0.246816054053044,0.215100099728777,0.152098739152121,0.156895277779632,0.134225995873579,0.0949121118937253,"N"
"SWAN","2018","October","control",3,124,46.2365771205431,15.3325408006513,8.85224655861697,"acid",3,0,0,0,0,0,0,0,"C"
"SWAN","2018","October","control",3,124,46.2365771205431,15.3325408006513,8.85224655861697,"alcohol",3,1,4.56990167567363,2.28090627252356,1.31688185043778,10.0764270259663,5.40380434521188,3.11988789335615,"C"
"SWAN","2018","October","control",3,124,46.2365771205431,15.3325408006513,8.85224655861697,"aldehyde",3,3,0.55859244806338,0.223066100992625,0.128787273455173,1.27983270980771,0.682973049440926,0.394314673943978,"C"
"SWAN","2018","October","control",3,124,46.2365771205431,15.3325408006513,8.85224655861697,"alkane",3,29,11.9366274220001,4.50789461575426,2.60263416988419,25.5857558847052,1.18135262070886,0.68205425357413,"C"
"SWAN","2018","October","control",3,124,46.2365771205431,15.3325408006513,8.85224655861697,"alkene",3,5,0.799825556464247,0.394737593347749,0.227901855778588,1.67670027421303,0.319057826596284,0.184208122072421,"C"
"SWAN","2018","October","control",3,124,46.2365771205431,15.3325408006513,8.85224655861697,"Bz",3,6,1.67096418742666,1.01890696531659,0.588266210704719,3.41480185071283,0.912819751856074,0.527016729455712,"C"
"SWAN","2018","October","control",3,124,46.2365771205431,15.3325408006513,8.85224655861697,"ester",3,8,3.9307171548462,1.61557060916496,0.932750126096238,8.36866415941215,0.614089110111113,0.354544513029069,"C"
"SWAN","2018","October","control",3,124,46.2365771205431,15.3325408006513,8.85224655861697,"furan",3,5,2.67614033649179,2.06059851258722,1.18968710593397,5.3940243022437,3.33687786961303,1.92654733627399,"C"
"SWAN","2018","October","control",3,124,46.2365771205431,15.3325408006513,8.85224655861697,"halogen",3,1,0.0951445489227075,0.156750531969422,0.0904999618281629,0.258164580453444,0.425957890129571,0.245926902529753,"C"
"SWAN","2018","October","control",3,124,46.2365771205431,15.3325408006513,8.85224655861697,"isoprene",3,0,0.475772709008395,0.617849493072689,0.356715571144191,0.834542756153214,0.92963384053616,0.536724348081338,"C"
"SWAN","2018","October","control",3,124,46.2365771205431,15.3325408006513,8.85224655861697,"ketone",3,5,1.93566585150329,0.858137182948709,0.495445733577064,4.41558356220859,2.4804859535245,1.43210923298846,"C"
"SWAN","2018","October","control",3,124,46.2365771205431,15.3325408006513,8.85224655861697,"MT",3,8,1.2760406686888,0.276542491862933,0.159661882119434,2.84600986331821,0.592675446193929,0.342181328402147,"C"
"SWAN","2018","October","control",3,124,46.2365771205431,15.3325408006513,8.85224655861697,"nitro",3,3,0.796436094836711,0.549284888241986,0.317129778088304,1.83192620583212,1.55949295418473,0.90037367689788,"C"
"SWAN","2018","October","control",3,124,46.2365771205431,15.3325408006513,8.85224655861697,"oBz",3,7,7.83918370462926,1.0468304337311,0.604387832710542,17.7675221931337,4.19967451217449,2.42468321011275,"C"
"SWAN","2018","October","control",3,124,46.2365771205431,15.3325408006513,8.85224655861697,"oMT",3,11,0.0946763501119045,0.051472318296903,0.0297175568245311,0.199286475210063,0.0712283337881055,0.0411236976864912,"C"
"SWAN","2018","October","control",3,124,46.2365771205431,15.3325408006513,8.85224655861697,"oST",3,2,0.499982192746912,0.376112922879339,0.217148897270083,1.17273274804538,1.09173174263943,0.630311615495736,"C"
"SWAN","2018","October","control",3,124,46.2365771205431,15.3325408006513,8.85224655861697,"other",3,9,1.90254198370264,1.2270332403638,0.708427971628659,3.85932256554959,1.16528387871401,0.672776961057863,"C"
"SWAN","2018","October","control",3,124,46.2365771205431,15.3325408006513,8.85224655861697,"ovoc",3,10,5.02209098594176,2.17518773457693,1.25584522409596,10.6680428243159,1.74450904902889,1.00719276906057,"C"
"SWAN","2018","October","control",3,124,46.2365771205431,15.3325408006513,8.85224655861697,"ST",3,9,0.156273249484719,0.128187172734595,0.0740088986849757,0.350660018718768,0.341867145857322,0.197377088687814,"C"
"SWAN","2018","October","control",3,124,46.2365771205431,15.3325408006513,8.85224655861697,"sulfo",3,2,0,0,0,0,0,0,"C"
"SWAN","2018","October","heated",3,124,130.20512560892,31.7167426468667,18.3116699049866,"acid",3,0,0,0,0,0,0,0,"H"
"SWAN","2018","October","heated",3,124,130.20512560892,31.7167426468667,18.3116699049866,"alcohol",3,1,12.3725764926481,7.70348144066348,4.44760708346434,8.9883230151592,4.27245927998248,2.4667055153996,"H"
"SWAN","2018","October","heated",3,124,130.20512560892,31.7167426468667,18.3116699049866,"aldehyde",3,3,15.0905338458584,8.53475118476586,4.92754089399105,10.9543908434441,4.49903600245514,2.59751964711129,"H"
"SWAN","2018","October","heated",3,124,130.20512560892,31.7167426468667,18.3116699049866,"alkane",3,29,37.3387955244109,9.86947032223335,5.69814134730045,28.6938133845268,2.73324642506974,1.5780405592756,"H"
"SWAN","2018","October","heated",3,124,130.20512560892,31.7167426468667,18.3116699049866,"alkene",3,5,2.12632252453545,0.85548622977215,0.493915205046969,1.81520085198525,1.17344556945949,0.677489115406812,"H"
"SWAN","2018","October","heated",3,124,130.20512560892,31.7167426468667,18.3116699049866,"Bz",3,6,3.15332377516252,0.398785881671835,0.230239136132256,2.567320586142,0.925893219496199,0.534564699516979,"H"
"SWAN","2018","October","heated",3,124,130.20512560892,31.7167426468667,18.3116699049866,"ester",3,8,5.81907576963533,1.63279547530861,0.942694907201028,4.49411825657545,0.7234099265883,0.417660915850203,"H"
"SWAN","2018","October","heated",3,124,130.20512560892,31.7167426468667,18.3116699049866,"furan",3,5,3.92909556344184,1.7158590596254,0.990651689966185,3.21209502032347,1.64669700300298,0.95072095795752,"H"
"SWAN","2018","October","heated",3,124,130.20512560892,31.7167426468667,18.3116699049866,"halogen",3,1,0.0765246197400901,0.024036878504962,0.0138776982753181,0.0637337190509431,0.0333218522406072,0.0192383803610115,"H"
"SWAN","2018","October","heated",3,124,130.20512560892,31.7167426468667,18.3116699049866,"isoprene",3,0,0.438238669592986,0.159067847047688,0.0918378643123967,0.365435041374207,0.199482222883039,0.115171115080067,"H"
"SWAN","2018","October","heated",3,124,130.20512560892,31.7167426468667,18.3116699049866,"ketone",3,5,2.99114978346633,0.694796025612941,0.401140672419514,2.30253873277159,0.0410428849336216,0.0236961206647453,"H"
"SWAN","2018","October","heated",3,124,130.20512560892,31.7167426468667,18.3116699049866,"MT",3,8,4.5267538893089,2.23536209958638,1.29058690993248,3.52713613058189,1.44604319876118,0.834873430064592,"H"
"SWAN","2018","October","heated",3,124,130.20512560892,31.7167426468667,18.3116699049866,"nitro",3,3,1.86203642938348,0.289744222766565,0.167283905010415,1.46914850139871,0.280169164323131,0.161755742440592,"H"
"SWAN","2018","October","heated",3,124,130.20512560892,31.7167426468667,18.3116699049866,"oBz",3,7,25.7354576286027,9.67195884026111,5.58410804001573,20.0118728713725,5.91475743635038,3.41488679806823,"H"
"SWAN","2018","October","heated",3,124,130.20512560892,31.7167426468667,18.3116699049866,"oMT",3,11,0.327182523784064,0.160283589020588,0.092539773267716,0.247277418774781,0.0843106062053949,0.0486767511882253,"H"
"SWAN","2018","October","heated",3,124,130.20512560892,31.7167426468667,18.3116699049866,"oST",3,2,1.48993123815644,0.751243258883799,0.433730497743453,1.11572160930118,0.384796524995986,0.222162377289665,"H"
"SWAN","2018","October","heated",3,124,130.20512560892,31.7167426468667,18.3116699049866,"other",3,9,3.76562785728158,1.33416583223182,0.770281002382642,3.01576055858951,1.17394083946236,0.677775059676288,"H"
"SWAN","2018","October","heated",3,124,130.20512560892,31.7167426468667,18.3116699049866,"ovoc",3,10,8.57834677072072,1.65321687114726,0.954485205585702,6.71705321820878,1.08011748000519,0.623606117837414,"H"
"SWAN","2018","October","heated",3,124,130.20512560892,31.7167426468667,18.3116699049866,"ST",3,9,0.584152703190316,0.225020629072213,0.129915720768061,0.439060240419525,0.0851661074703094,0.0491706750738158,"H"
"SWAN","2018","October","heated",3,124,130.20512560892,31.7167426468667,18.3116699049866,"sulfo",3,2,0,0,0,0,0,0,"H"
"SWAN","2018","October","heated_nitrogen",2,124,145.663303842732,59.3701356106472,41.9810254902535,"acid",2,0,0,0,0,0,0,0,"HxN"
"SWAN","2018","October","heated_nitrogen",2,124,145.663303842732,59.3701356106472,41.9810254902535,"alcohol",2,1,9.75085606543687,3.42872435339143,2.42447424110254,6.77735006822269,0.408474582976002,0.288835147564678,"HxN"
"SWAN","2018","October","heated_nitrogen",2,124,145.663303842732,59.3701356106472,41.9810254902535,"aldehyde",2,3,13.8972531539433,14.4834834261737,10.2413693458504,8.19503742291441,6.60295238478904,4.66899240713622,"HxN"
"SWAN","2018","October","heated_nitrogen",2,124,145.663303842732,59.3701356106472,41.9810254902535,"alkane",2,29,39.469374154361,5.2817457820935,3.73475825902176,28.7449904761673,8.09002249296617,5.72050976472807,"HxN"
"SWAN","2018","October","heated_nitrogen",2,124,145.663303842732,59.3701356106472,41.9810254902535,"alkene",2,5,1.98043935021609,0.364315725815183,0.257610120216815,1.53835030523974,0.877116167557373,0.620214789968174,"HxN"
"SWAN","2018","October","heated_nitrogen",2,124,145.663303842732,59.3701356106472,41.9810254902535,"Bz",2,6,6.87659719475426,2.38662655271106,1.68759981958186,4.78438427448582,0.311587659494306,0.220325746962469,"HxN"
"SWAN","2018","October","heated_nitrogen",2,124,145.663303842732,59.3701356106472,41.9810254902535,"ester",2,8,5.61286310470091,3.99529182857343,2.82509794480348,3.59277104217926,1.27846804206924,0.90401342207745,"HxN"
"SWAN","2018","October","heated_nitrogen",2,124,145.663303842732,59.3701356106472,41.9810254902535,"furan",2,5,3.06093535159955,1.8317585702126,1.2952489064939,2.01224466282006,0.437369034115934,0.309266609904388,"HxN"
"SWAN","2018","October","heated_nitrogen",2,124,145.663303842732,59.3701356106472,41.9810254902535,"halogen",2,1,0.260623072274542,0.22787740672493,0.161133659574403,0.22989911993951,0.250144556925675,0.176878912479049,"HxN"
"SWAN","2018","October","heated_nitrogen",2,124,145.663303842732,59.3701356106472,41.9810254902535,"isoprene",2,0,0.626393795759814,0.149860116091035,0.105967104317374,0.491849249528328,0.303351407581026,0.214501837383028,"HxN"
"SWAN","2018","October","heated_nitrogen",2,124,145.663303842732,59.3701356106472,41.9810254902535,"ketone",2,5,3.2673657972204,0.68463806243694,0.484112216607579,2.34182780431769,0.4844791118539,0.342578465335129,"HxN"
"SWAN","2018","October","heated_nitrogen",2,124,145.663303842732,59.3701356106472,41.9810254902535,"MT",2,8,11.3236469532905,1.52141462255378,1.07580259660415,8.24592259431879,2.31643846804773,1.63796934895793,"HxN"
"SWAN","2018","October","heated_nitrogen",2,124,145.663303842732,59.3701356106472,41.9810254902535,"nitro",2,3,1.86031544508849,0.847993949039936,0.599622271771298,1.26343864614324,0.0672020398308789,0.047519018073983,"HxN"
"SWAN","2018","October","heated_nitrogen",2,124,145.663303842732,59.3701356106472,41.9810254902535,"oBz",2,7,31.7822941003498,18.4948506962016,13.0778343443169,20.9735848673604,4.14847443290161,2.93341440308375,"HxN"
"SWAN","2018","October","heated_nitrogen",2,124,145.663303842732,59.3701356106472,41.9810254902535,"oMT",2,11,0.632739626418806,0.37997301685968,0.26868149688939,0.415758373881186,0.0914003067083678,0.0646297766760172,"HxN"
"SWAN","2018","October","heated_nitrogen",2,124,145.663303842732,59.3701356106472,41.9810254902535,"oST",2,2,2.23290778304677,2.3666301396628,1.67346022031603,1.310686282373,1.09051070137941,0.771107511901881,"HxN"
"SWAN","2018","October","heated_nitrogen",2,124,145.663303842732,59.3701356106472,41.9810254902535,"other",2,9,2.18065528138769,0.0870129192924298,0.0615274252825149,1.61938898551961,0.600302543198202,0.424477999058979,"HxN"
"SWAN","2018","October","heated_nitrogen",2,124,145.663303842732,59.3701356106472,41.9810254902535,"ovoc",2,10,10.0909982529534,3.52549091362896,2.49289853203859,7.01725124267965,0.43982296734219,0.311001802729252,"HxN"
"SWAN","2018","October","heated_nitrogen",2,124,145.663303842732,59.3701356106472,41.9810254902535,"ST",2,9,0.757045359929651,0.79655402644644,0.563248753681726,0.445264581909235,0.365363016148079,0.258350666313077,"HxN"
"SWAN","2018","October","heated_nitrogen",2,124,145.663303842732,59.3701356106472,41.9810254902535,"sulfo",2,2,0,0,0,0,0,0,"HxN"
"SWAN","2018","October","nitrogen",3,124,170.699932268756,38.0148384960888,21.947877238917,"acid",3,0,0,0,0,0,0,0,"N"
"SWAN","2018","October","nitrogen",3,124,170.699932268756,38.0148384960888,21.947877238917,"alcohol",3,1,13.4071519899455,2.46562499890693,1.42352925683959,7.91690089467302,0.532882923963736,0.307660099597018,"N"
"SWAN","2018","October","nitrogen",3,124,170.699932268756,38.0148384960888,21.947877238917,"aldehyde",3,3,7.21403458504133,3.26263906467848,1.88368554226071,4.08472608871211,1.17071702475314,0.675913789386102,"N"
"SWAN","2018","October","nitrogen",3,124,170.699932268756,38.0148384960888,21.947877238917,"alkane",3,29,49.5836663692756,3.36740348561412,1.9441713088894,29.8716967676419,5.59191270906823,3.22849230786543,"N"
"SWAN","2018","October","nitrogen",3,124,170.699932268756,38.0148384960888,21.947877238917,"alkene",3,5,1.43423336172049,0.56367491335588,0.325437862961457,0.881077079422566,0.398043546878405,0.229810548939441,"N"
"SWAN","2018","October","nitrogen",3,124,170.699932268756,38.0148384960888,21.947877238917,"Bz",3,6,4.03742195797915,2.71613590379786,1.5681617952133,2.37652246284638,1.35417875037309,0.781835466058772,"N"
"SWAN","2018","October","nitrogen",3,124,170.699932268756,38.0148384960888,21.947877238917,"ester",3,8,8.85633287682542,3.92899077011956,2.26840387877208,5.19715457339682,1.78295227559853,1.02938797626907,"N"
"SWAN","2018","October","nitrogen",3,124,170.699932268756,38.0148384960888,21.947877238917,"furan",3,5,8.49403471413316,8.58686768698339,4.95763037057556,4.87952427004155,4.27791232677162,2.46985383343121,"N"
"SWAN","2018","October","nitrogen",3,124,170.699932268756,38.0148384960888,21.947877238917,"halogen",3,1,0.0512181719204693,0.0284926251735162,0.0164502248138487,0.033504856783063,0.0251960296633612,0.0145469345086514,"N"
"SWAN","2018","October","nitrogen",3,124,170.699932268756,38.0148384960888,21.947877238917,"isoprene",3,0,1.14089147061633,0.958818250924211,0.55357397527502,0.698964105028776,0.536673506277233,0.309848593316101,"N"
"SWAN","2018","October","nitrogen",3,124,170.699932268756,38.0148384960888,21.947877238917,"ketone",3,5,3.86446609924224,2.21840341938964,1.2807958113558,2.29996717306611,1.14686754322659,0.662144284806717,"N"
"SWAN","2018","October","nitrogen",3,124,170.699932268756,38.0148384960888,21.947877238917,"MT",3,8,3.78563910187316,0.241345913173757,0.139341127938684,2.30617042429013,0.609840207719934,0.352091408089761,"N"
"SWAN","2018","October","nitrogen",3,124,170.699932268756,38.0148384960888,21.947877238917,"nitro",3,3,2.08177580398126,0.752924748360664,0.434701306145561,1.33392173540807,0.79997292681256,0.461864584639645,"N"
"SWAN","2018","October","nitrogen",3,124,170.699932268756,38.0148384960888,21.947877238917,"oBz",3,7,48.3931967729179,21.1839870169321,12.2305806067353,27.3372905062294,7.2806275688968,4.20347228677198,"N"
"SWAN","2018","October","nitrogen",3,124,170.699932268756,38.0148384960888,21.947877238917,"oMT",3,11,0.394969362216076,0.0781832206830456,0.0451391035074683,0.234197292622925,0.0317025886235275,0.0183034980758016,"N"
"SWAN","2018","October","nitrogen",3,124,170.699932268756,38.0148384960888,21.947877238917,"oST",3,2,2.50705241384593,2.07460303787213,1.19777262237709,1.4200868898452,0.984866854247036,0.568613143415466,"N"
"SWAN","2018","October","nitrogen",3,124,170.699932268756,38.0148384960888,21.947877238917,"other",3,9,2.51328424046066,0.481864418825322,0.278204551921702,1.57808166358352,0.715361772750807,0.413014312065646,"N"
"SWAN","2018","October","nitrogen",3,124,170.699932268756,38.0148384960888,21.947877238917,"ovoc",3,10,11.99497860893,3.89856464021652,2.25083734448217,7.00552451652544,1.35982982721442,0.785098116794325,"N"
"SWAN","2018","October","nitrogen",3,124,170.699932268756,38.0148384960888,21.947877238917,"ST",3,9,0.945584367831616,0.539094217236428,0.311246191440023,0.544688699883081,0.239101190301963,0.138045136584398,"N"
"SWAN","2018","October","nitrogen",3,124,170.699932268756,38.0148384960888,21.947877238917,"sulfo",3,2,0,0,0,0,0,0,"N"
"SWAN","2019","October","control",3,112,28.1211261332962,15.0824588147278,8.70786165672451,"acid",3,0,0.00398078001403659,0.00689491323806613,0.00398078001403659,0.00876290121469211,0.0151777901255538,0.00876290121469211,"C"
"SWAN","2019","October","control",3,112,28.1211261332962,15.0824588147278,8.70786165672451,"alcohol",3,1,0,0,0,0,0,0,"C"
"SWAN","2019","October","control",3,112,28.1211261332962,15.0824588147278,8.70786165672451,"aldehyde",3,4,1.23589982469892,2.06244158968461,1.19075120699229,6.84679983885314,11.6861901174416,6.74702501010604,"C"
"SWAN","2019","October","control",3,112,28.1211261332962,15.0824588147278,8.70786165672451,"alkane",3,21,11.1006203961652,8.41059859575899,4.85586136330734,36.4956969849591,11.3126501752834,6.53136162394792,"C"
"SWAN","2019","October","control",3,112,28.1211261332962,15.0824588147278,8.70786165672451,"alkene",3,1,1.2173021793117,1.77834085128647,1.02672556920115,3.04577049238534,3.59880575345636,2.07777147051921,"C"
"SWAN","2019","October","control",3,112,28.1211261332962,15.0824588147278,8.70786165672451,"Bz",3,4,6.33097422511223,5.04139155313981,2.91064877029558,21.4175872345283,10.1496469333049,5.85990138912322,"C"
"SWAN","2019","October","control",3,112,28.1211261332962,15.0824588147278,8.70786165672451,"ester",3,8,0.640842962694671,0.923064094742629,0.532931303578935,3.481222836181,5.29977229577839,3.05982496161137,"C"
"SWAN","2019","October","control",3,112,28.1211261332962,15.0824588147278,8.70786165672451,"furan",3,3,2.23303325648384,1.99233235471973,1.15027362131264,10.8342510138587,9.84226585982923,5.68243484360827,"C"
"SWAN","2019","October","control",3,112,28.1211261332962,15.0824588147278,8.70786165672451,"halogen",3,1,0,0,0,0,0,0,"C"
"SWAN","2019","October","control",3,112,28.1211261332962,15.0824588147278,8.70786165672451,"isoprene",3,0,0.0458785519539725,0.0794639829619687,0.0458785519539725,0.216876695321194,0.375641455273943,0.216876695321194,"C"
"SWAN","2019","October","control",3,112,28.1211261332962,15.0824588147278,8.70786165672451,"ketone",3,1,0.591920321448456,0.527959951083455,0.304817819879374,2.73163611250161,2.65143282906181,1.53080545759705,"C"
"SWAN","2019","October","control",3,112,28.1211261332962,15.0824588147278,8.70786165672451,"MT",3,4,0.0932195217930911,0.0612923483920335,0.0353871538434049,0.456253763718491,0.409761589279902,0.236575963874321,"C"
"SWAN","2019","October","control",3,112,28.1211261332962,15.0824588147278,8.70786165672451,"nitro",3,1,0.17275477784825,0.299220052483443,0.17275477784825,0.816644896688621,1.41447045280653,0.816644896688621,"C"
"SWAN","2019","October","control",3,112,28.1211261332962,15.0824588147278,8.70786165672451,"oBz",3,9,0.534918823070006,0.711023944649976,0.410509865843934,1.46876090912029,1.44594462503173,0.834816518495363,"C"
"SWAN","2019","October","control",3,112,28.1211261332962,15.0824588147278,8.70786165672451,"oMT",3,10,0.0605531611574141,0.0570084355799313,0.0329138356281528,0.306710423520989,0.276004903246455,0.159351505186997,"C"
"SWAN","2019","October","control",3,112,28.1211261332962,15.0824588147278,8.70786165672451,"oST",3,6,0.07569936916877,0.0830962236746998,0.0479756271072293,0.305232456636017,0.415286131209092,0.239765559644288,"C"
"SWAN","2019","October","control",3,112,28.1211261332962,15.0824588147278,8.70786165672451,"other",3,9,1.19031180839801,1.44987155088073,0.837083730191368,3.27965704497232,2.70775500066165,1.56332307853156,"C"
"SWAN","2019","October","control",3,112,28.1211261332962,15.0824588147278,8.70786165672451,"ovoc",3,26,1.68090350780286,1.48789074569123,0.859034122549584,6.2592232636408,7.04656666201959,4.06833715917965,"C"
"SWAN","2019","October","control",3,112,28.1211261332962,15.0824588147278,8.70786165672451,"ST",3,1,0.912312666174795,1.56054489139086,0.900981013127008,2.02891313189943,3.41743812722004,1.97305882268938,"C"
"SWAN","2019","October","control",3,112,28.1211261332962,15.0824588147278,8.70786165672451,"sulfo",3,2,0,0,0,0,0,0,"C"
"SWAN","2019","October","heated",3,112,57.133617545012,31.7712540214221,18.3431420617601,"acid",3,0,0.000684099412551807,0.00118489493996775,0.000684099412551807,0.000762151426612954,0.00132008499395474,0.000762151426612954,"H"
"SWAN","2019","October","heated",3,112,57.133617545012,31.7712540214221,18.3431420617601,"alcohol",3,1,1.37485415123384,2.381317242934,1.37485415123384,2.48391621503316,4.30226908618162,2.48391621503316,"H"
"SWAN","2019","October","heated",3,112,57.133617545012,31.7712540214221,18.3431420617601,"aldehyde",3,4,0.0194544402406413,0.0336960789296033,0.0194544402406413,0.0216740858292118,0.0375406178638035,0.0216740858292118,"H"
"SWAN","2019","October","heated",3,112,57.133617545012,31.7712540214221,18.3431420617601,"alkane",3,21,10.8113410566947,8.60563669540117,4.96846666263799,20.923688340441,14.4333728420086,8.33311169564791,"H"
"SWAN","2019","October","heated",3,112,57.133617545012,31.7712540214221,18.3431420617601,"alkene",3,1,1.46190071815227,2.11332697360821,1.2201298970984,1.98799951263725,2.12514155603083,1.22695104944046,"H"
"SWAN","2019","October","heated",3,112,57.133617545012,31.7712540214221,18.3431420617601,"Bz",3,4,6.84279910388624,7.09858074963497,4.09836750666605,13.1187215953559,11.7023124367433,6.75633323549486,"H"
"SWAN","2019","October","heated",3,112,57.133617545012,31.7712540214221,18.3431420617601,"ester",3,8,0.541749761215115,0.785962227132921,0.45377550340807,1.93681907951288,3.08688198876981,1.78221214717285,"H"
"SWAN","2019","October","heated",3,112,57.133617545012,31.7712540214221,18.3431420617601,"furan",3,3,0.534417753404141,0.179529157472769,0.10365120739429,1.09697590537724,0.547720730674731,0.316226711295794,"H"
"SWAN","2019","October","heated",3,112,57.133617545012,31.7712540214221,18.3431420617601,"halogen",3,1,0.102134923864984,0.176902877361332,0.102134923864984,0.184524731791906,0.3196062107166,0.184524731791906,"H"
"SWAN","2019","October","heated",3,112,57.133617545012,31.7712540214221,18.3431420617601,"isoprene",3,0,0.0975727437250394,0.119364843188345,0.0689153243465682,0.329815104491535,0.47746951097745,0.27566715069267,"H"
"SWAN","2019","October","heated",3,112,57.133617545012,31.7712540214221,18.3431420617601,"ketone",3,1,0.0488172025124288,0.0407857532373254,0.0235476656106715,0.132821400104637,0.17066683148437,0.0985345410992417,"H"
"SWAN","2019","October","heated",3,112,57.133617545012,31.7712540214221,18.3431420617601,"MT",3,4,0.0988239147388674,0.0438298698700815,0.0253051871680378,0.211287189440997,0.113068489824179,0.0652801230368542,"H"
"SWAN","2019","October","heated",3,112,57.133617545012,31.7712540214221,18.3431420617601,"nitro",3,1,1.68199198683203,1.51980189625512,0.8774580339178,5.18381973951411,6.65530556494579,3.84244245946067,"H"
"SWAN","2019","October","heated",3,112,57.133617545012,31.7712540214221,18.3431420617601,"oBz",3,9,3.61974913095621,1.05419505322648,0.608639797758682,7.13199139573447,2.1506554421386,1.24168149845285,"H"
"SWAN","2019","October","heated",3,112,57.133617545012,31.7712540214221,18.3431420617601,"oMT",3,10,0,0,0,0,0,0,"H"
"SWAN","2019","October","heated",3,112,57.133617545012,31.7712540214221,18.3431420617601,"oST",3,6,1.99020056447864,3.44712849492926,1.99020056447864,3.59564790842737,6.22784486352496,3.59564790842737,"H"
"SWAN","2019","October","heated",3,112,57.133617545012,31.7712540214221,18.3431420617601,"other",3,9,1.02090802172188,1.29024333355704,0.744922335949276,1.50736899346808,1.22817968706549,0.709089872940488,"H"
"SWAN","2019","October","heated",3,112,57.133617545012,31.7712540214221,18.3431420617601,"ovoc",3,26,4.99190386406105,4.61911647643791,2.66684814108966,9.99874011482265,8.09002339352734,4.67077718400338,"H"
"SWAN","2019","October","heated",3,112,57.133617545012,31.7712540214221,18.3431420617601,"ST",3,1,21.8943141078814,20.5367069557531,11.8568732891725,30.153426536591,26.1081822694994,15.0735660613473,"H"
"SWAN","2019","October","heated",3,112,57.133617545012,31.7712540214221,18.3431420617601,"sulfo",3,2,0,0,0,0,0,0,"H"
"SWAN","2019","October","heated_nitrogen",3,112,58.8638917520159,39.3881049224862,22.7407329798666,"acid",3,0,0.00552502468899274,0.00956962347440786,0.00552502468899274,0.00530288418268859,0.00918486483107001,0.00530288418268859,"HxN"
"SWAN","2019","October","heated_nitrogen",3,112,58.8638917520159,39.3881049224862,22.7407329798666,"alcohol",3,1,1.13078784485964,1.9585819998782,1.13078784485964,2.86536379789537,4.9629556801233,2.86536379789537,"HxN"
"SWAN","2019","October","heated_nitrogen",3,112,58.8638917520159,39.3881049224862,22.7407329798666,"aldehyde",3,4,1.20827342634318,1.56809641642916,0.905340888140665,3.11279067535561,3.9648313603555,2.28909645319272,"HxN"
"SWAN","2019","October","heated_nitrogen",3,112,58.8638917520159,39.3881049224862,22.7407329798666,"alkane",3,21,12.1023931985405,10.4188837866923,6.01534535890224,18.9594759898439,10.7426913960694,6.20229576934175,"HxN"
"SWAN","2019","October","heated_nitrogen",3,112,58.8638917520159,39.3881049224862,22.7407329798666,"alkene",3,1,1.96250357405607,1.49088463864205,0.860762647450664,3.26292184123278,2.00130208461513,1.15545229728231,"HxN"
"SWAN","2019","October","heated_nitrogen",3,112,58.8638917520159,39.3881049224862,22.7407329798666,"Bz",3,4,4.74032727115917,7.15753756412385,4.13240623938176,5.29623364121729,6.22877996670623,3.59618779050079,"HxN"
"SWAN","2019","October","heated_nitrogen",3,112,58.8638917520159,39.3881049224862,22.7407329798666,"ester",3,8,0.127159808100493,0.077836603501479,0.0449389839843851,0.332680338914806,0.26619840456624,0.153689720534167,"HxN"
"SWAN","2019","October","heated_nitrogen",3,112,58.8638917520159,39.3881049224862,22.7407329798666,"furan",3,3,0.374917020966959,0.201772729174593,0.116493539504077,0.684395542073532,0.309401599129785,0.178633096545282,"HxN"
"SWAN","2019","October","heated_nitrogen",3,112,58.8638917520159,39.3881049224862,22.7407329798666,"halogen",3,1,0.161141193855812,0.279104734950572,0.161141193855812,0.408324289408503,0.707238415219986,0.408324289408503,"HxN"
"SWAN","2019","October","heated_nitrogen",3,112,58.8638917520159,39.3881049224862,22.7407329798666,"isoprene",3,0,0.0345320288688485,0.0598112284892808,0.0345320288688485,0.10483757000151,0.181583997784674,0.10483757000151,"HxN"
"SWAN","2019","October","heated_nitrogen",3,112,58.8638917520159,39.3881049224862,22.7407329798666,"ketone",3,1,0.227178955719518,0.186789227068976,0.107842810529995,0.511389755560626,0.526584562129697,0.304023738696682,"HxN"
"SWAN","2019","October","heated_nitrogen",3,112,58.8638917520159,39.3881049224862,22.7407329798666,"MT",3,4,0.530500110557497,0.793761766728064,0.458278569692881,0.595985267859108,0.686638735208693,0.396431058608763,"HxN"
"SWAN","2019","October","heated_nitrogen",3,112,58.8638917520159,39.3881049224862,22.7407329798666,"nitro",3,1,0.55912132547794,0.0514141053535627,0.0296839475660232,1.22049841081741,0.608232119204287,0.351162977752371,"HxN"
"SWAN","2019","October","heated_nitrogen",3,112,58.8638917520159,39.3881049224862,22.7407329798666,"oBz",3,9,3.11441149739757,1.64847763022064,0.951749003560961,5.80791735444653,2.47691275075986,1.43004624341042,"HxN"
"SWAN","2019","October","heated_nitrogen",3,112,58.8638917520159,39.3881049224862,22.7407329798666,"oMT",3,10,0.192301984376351,0.318666774676534,0.183982348141287,0.478486500886585,0.814866141024838,0.470463185874202,"HxN"
"SWAN","2019","October","heated_nitrogen",3,112,58.8638917520159,39.3881049224862,22.7407329798666,"oST",3,6,0.394555705601627,0.683390528518207,0.394555705601627,1.19785204520145,2.0747406022392,1.19785204520145,"HxN"
"SWAN","2019","October","heated_nitrogen",3,112,58.8638917520159,39.3881049224862,22.7407329798666,"other",3,9,1.87011453693524,1.57468921694285,0.909147243291956,3.2615827473071,3.40544918678948,1.9661370047045,"HxN"
"SWAN","2019","October","heated_nitrogen",3,112,58.8638917520159,39.3881049224862,22.7407329798666,"ovoc",3,26,6.32794954231648,5.35856366287524,3.09376817323076,15.6968531094334,14.7390641276653,8.50960264171069,"HxN"
"SWAN","2019","October","heated_nitrogen",3,112,58.8638917520159,39.3881049224862,22.7407329798666,"ST",3,1,23.8001977021941,26.3302811573223,15.2017949140186,36.1971082383618,31.5835236183011,18.234755862983,"HxN"
"SWAN","2019","October","heated_nitrogen",3,112,58.8638917520159,39.3881049224862,22.7407329798666,"sulfo",3,2,0,0,0,0,0,0,"HxN"
"SWAN","2019","October","nitrogen",3,112,66.915828959718,49.6612221807916,28.6719199943658,"acid",3,0,0.00201817946867896,0.00349558937854432,0.00201817946867896,0.00166324096684912,0.00288081785981266,0.00166324096684912,"N"
"SWAN","2019","October","nitrogen",3,112,66.915828959718,49.6612221807916,28.6719199943658,"alcohol",3,1,1.69247088159554,2.93144555725437,1.69247088159554,1.39481495533772,2.41589036980185,1.39481495533772,"N"
"SWAN","2019","October","nitrogen",3,112,66.915828959718,49.6612221807916,28.6719199943658,"aldehyde",3,4,25.7013799542146,36.2062612392867,20.9036946728521,32.2836284588507,28.7926784708961,16.6234606658622,"N"
"SWAN","2019","October","nitrogen",3,112,66.915828959718,49.6612221807916,28.6719199943658,"alkane",3,21,10.6486736316128,5.81642987163444,3.35811735211073,17.51634098641,3.73546560144144,2.1566720705408,"N"
"SWAN","2019","October","nitrogen",3,112,66.915828959718,49.6612221807916,28.6719199943658,"alkene",3,1,0.747786107742531,0.695959202898493,0.401812233138442,1.1662161731586,0.605908442461961,0.34982140235968,"N"
"SWAN","2019","October","nitrogen",3,112,66.915828959718,49.6612221807916,28.6719199943658,"Bz",3,4,1.40752592188574,0.888597009014936,0.51303172235587,2.6634299253418,1.89041248084571,1.0914301546957,"N"
"SWAN","2019","October","nitrogen",3,112,66.915828959718,49.6612221807916,28.6719199943658,"ester",3,8,0.389547932540437,0.228468041688404,0.131906085370027,1.02349442755362,1.24126828416549,0.716646577999491,"N"
"SWAN","2019","October","nitrogen",3,112,66.915828959718,49.6612221807916,28.6719199943658,"furan",3,3,1.68975849161509,2.22608610264212,1.28523141059971,1.91767510340684,1.40243933171374,0.809698725687046,"N"
"SWAN","2019","October","nitrogen",3,112,66.915828959718,49.6612221807916,28.6719199943658,"halogen",3,1,0,0,0,0,0,0,"N"
"SWAN","2019","October","nitrogen",3,112,66.915828959718,49.6612221807916,28.6719199943658,"isoprene",3,0,0.0773097437997254,0.133904404181257,0.0773097437997254,0.063713230175947,0.110354551779071,0.063713230175947,"N"
"SWAN","2019","October","nitrogen",3,112,66.915828959718,49.6612221807916,28.6719199943658,"ketone",3,1,1.63981029126849,2.37480835348473,1.37109624215818,1.82388952060523,1.67207944683688,0.965375518737713,"N"
"SWAN","2019","October","nitrogen",3,112,66.915828959718,49.6612221807916,28.6719199943658,"MT",3,4,0.253093382465439,0.283425350023242,0.163635702131083,0.31561412988067,0.140926745678027,0.0813640945532266,"N"
"SWAN","2019","October","nitrogen",3,112,66.915828959718,49.6612221807916,28.6719199943658,"nitro",3,1,0.300086502709898,0.203093527500813,0.117256102773265,0.468291828450421,0.290600235322341,0.167778124089922,"N"
"SWAN","2019","October","nitrogen",3,112,66.915828959718,49.6612221807916,28.6719199943658,"oBz",3,9,3.5584348889692,1.88595177199764,1.08885476324149,9.1584897357221,10.6747330135791,6.1630599789173,"N"
"SWAN","2019","October","nitrogen",3,112,66.915828959718,49.6612221807916,28.6719199943658,"oMT",3,10,0.922055640220652,1.29268276875001,0.746330744514609,1.02926510666807,0.87442396576968,0.504848912022985,"N"
"SWAN","2019","October","nitrogen",3,112,66.915828959718,49.6612221807916,28.6719199943658,"oST",3,6,6.11844900047808,10.1615095302946,5.86675026268853,10.8885242463897,18.498767019567,10.6802681184232,"N"
"SWAN","2019","October","nitrogen",3,112,66.915828959718,49.6612221807916,28.6719199943658,"other",3,9,1.38630367831636,0.764171759856468,0.441194771260242,2.58617173169544,1.54717671910366,0.893262895258421,"N"
"SWAN","2019","October","nitrogen",3,112,66.915828959718,49.6612221807916,28.6719199943658,"ovoc",3,26,10.1344623977708,10.4207389767531,6.01641645338325,15.3140104447976,19.7890053071638,11.425187541086,"N"
"SWAN","2019","October","nitrogen",3,112,66.915828959718,49.6612221807916,28.6719199943658,"ST",3,1,0.246662333044015,0.262481885650022,0.151543987337441,0.384766754588718,0.497098879020007,0.287000171616062,"N"
"SWAN","2019","October","nitrogen",3,112,66.915828959718,49.6612221807916,28.6719199943658,"sulfo",3,2,0,0,0,0,0,0,"N"
"SWAN","2019","September","control",3,112,22.3076163627287,5.43595532919457,3.13845027261327,"acid",3,0,0.000161610661826948,0.000279917877329106,0.000161610661826948,0.000997144932024492,0.00172710568477623,0.000997144932024492,"C"
"SWAN","2019","September","control",3,112,22.3076163627287,5.43595532919457,3.13845027261327,"alcohol",3,1,0.0762076421422266,0.0871270094074328,0.0503028023350684,0.332335568662017,0.321893239878352,0.185845148694087,"C"
"SWAN","2019","September","control",3,112,22.3076163627287,5.43595532919457,3.13845027261327,"aldehyde",3,4,2.78285958136787,3.30704371725232,1.90932258037749,11.9848500650052,12.0870332041972,6.97845187414722,"C"
"SWAN","2019","September","control",3,112,22.3076163627287,5.43595532919457,3.13845027261327,"alkane",3,21,3.82059403431221,1.56609548863965,0.904185651942759,17.8070113632325,7.81553551611022,4.51230153408732,"C"
"SWAN","2019","September","control",3,112,22.3076163627287,5.43595532919457,3.13845027261327,"alkene",3,1,0.710030142153113,0.848352897892496,0.489796773966032,4.06241709560835,5.50142540233848,3.17624943696677,"C"
"SWAN","2019","September","control",3,112,22.3076163627287,5.43595532919457,3.13845027261327,"Bz",3,4,3.30099718532612,1.40261331761192,0.809799176492197,16.2077903271393,10.3096248889659,5.95226470488851,"C"
"SWAN","2019","September","control",3,112,22.3076163627287,5.43595532919457,3.13845027261327,"ester",3,8,0.853687330864664,1.20616011068865,0.696376864591884,3.36347103921177,4.39679740599048,2.53849216592085,"C"
"SWAN","2019","September","control",3,112,22.3076163627287,5.43595532919457,3.13845027261327,"furan",3,3,1.58409739845234,1.89673615151118,1.09508112765668,6.49065541719337,6.73006395675985,3.8856042370987,"C"
"SWAN","2019","September","control",3,112,22.3076163627287,5.43595532919457,3.13845027261327,"halogen",3,1,0.0463155173529378,0.0802208292341262,0.0463155173529378,0.192361787643214,0.333180389632822,0.192361787643214,"C"
"SWAN","2019","September","control",3,112,22.3076163627287,5.43595532919457,3.13845027261327,"isoprene",3,0,0,0,0,0,0,0,"C"
"SWAN","2019","September","control",3,112,22.3076163627287,5.43595532919457,3.13845027261327,"ketone",3,1,0.402866441628033,0.262053654088436,0.151296747730084,1.80233958625128,0.938758297204216,0.541992355594849,"C"
"SWAN","2019","September","control",3,112,22.3076163627287,5.43595532919457,3.13845027261327,"MT",3,4,0.172648544705836,0.146132741015049,0.0843697773624561,0.689206183382257,0.52737212132118,0.304478436207887,"C"
"SWAN","2019","September","control",3,112,22.3076163627287,5.43595532919457,3.13845027261327,"nitro",3,1,0.0606617041055394,0.0640029443998802,0.0369521171781995,0.244700716130835,0.267172928143481,0.154252361983819,"C"
"SWAN","2019","September","control",3,112,22.3076163627287,5.43595532919457,3.13845027261327,"oBz",3,9,1.0395229865318,0.539274831947528,0.311350469392095,4.50104408315137,1.79646668546717,1.03719052444466,"C"
"SWAN","2019","September","control",3,112,22.3076163627287,5.43595532919457,3.13845027261327,"oMT",3,10,0.0168777627369004,0.0292331425784043,0.0168777627369004,0.0633592137500083,0.109741377342631,0.0633592137500083,"C"
"SWAN","2019","September","control",3,112,22.3076163627287,5.43595532919457,3.13845027261327,"oST",3,6,0.0361222199411384,0.0454582360937398,0.0262453248456062,0.152677083371401,0.16470263332236,0.0950911096849049,"C"
"SWAN","2019","September","control",3,112,22.3076163627287,5.43595532919457,3.13845027261327,"other",3,9,0.386807037035098,0.124495282398338,0.0718773848055187,1.86836346583734,0.980410303840328,0.566040152838496,"C"
"SWAN","2019","September","control",3,112,22.3076163627287,5.43595532919457,3.13845027261327,"ovoc",3,26,0.91147941152768,1.03926584126741,0.600020413215322,3.77569569600216,3.66335906815871,2.11504134413969,"C"
"SWAN","2019","September","control",3,112,22.3076163627287,5.43595532919457,3.13845027261327,"ST",3,1,6.10567981188336,9.18374796576292,5.3022393602029,26.4607241634955,37.3796555943596,21.581154219619,"C"
"SWAN","2019","September","control",3,112,22.3076163627287,5.43595532919457,3.13845027261327,"sulfo",3,2,0,0,0,0,0,0,"C"
"SWAN","2019","September","heated",3,112,15.2259357166658,6.71554537415114,3.87722192952131,"acid",3,0,0.000250750835582191,0.000434313187268705,0.000250750835582191,0.00328767831636748,0.00569442588289097,0.00328767831636748,"H"
"SWAN","2019","September","heated",3,112,15.2259357166658,6.71554537415114,3.87722192952131,"alcohol",3,1,0,0,0,0,0,0,"H"
"SWAN","2019","September","heated",3,112,15.2259357166658,6.71554537415114,3.87722192952131,"aldehyde",3,4,0.0379186463251274,0.0656770219893555,0.0379186463251274,0.214383506629244,0.37132312578663,0.214383506629244,"H"
"SWAN","2019","September","heated",3,112,15.2259357166658,6.71554537415114,3.87722192952131,"alkane",3,21,5.09540440855725,2.24072222102326,1.29368157748695,34.0141541747205,4.21667184933476,2.43449662729774,"H"
"SWAN","2019","September","heated",3,112,15.2259357166658,6.71554537415114,3.87722192952131,"alkene",3,1,0.688482264135631,0.419458373556115,0.242174404886466,5.24286185433288,3.15412883601657,1.82103713253293,"H"
"SWAN","2019","September","heated",3,112,15.2259357166658,6.71554537415114,3.87722192952131,"Bz",3,4,2.61221947161561,0.21942026246519,0.126682347599936,21.0672406667313,13.5421033714874,7.81853702692201,"H"
"SWAN","2019","September","heated",3,112,15.2259357166658,6.71554537415114,3.87722192952131,"ester",3,8,0.347880558625804,0.350367625115125,0.202284842675547,2.18988791131765,1.48698022294158,0.858508431994971,"H"
"SWAN","2019","September","heated",3,112,15.2259357166658,6.71554537415114,3.87722192952131,"furan",3,3,0.352496061112499,0.364590229739836,0.210496267284202,1.9917337821832,1.99892974419223,1.15408262590053,"H"
"SWAN","2019","September","heated",3,112,15.2259357166658,6.71554537415114,3.87722192952131,"halogen",3,1,0,0,0,0,0,0,"H"
"SWAN","2019","September","heated",3,112,15.2259357166658,6.71554537415114,3.87722192952131,"isoprene",3,0,1.54032103585334,2.29396031379353,1.32441860467902,9.81297471539967,12.3019087079199,7.10251030406376,"H"
"SWAN","2019","September","heated",3,112,15.2259357166658,6.71554537415114,3.87722192952131,"ketone",3,1,0.495419417268352,0.725947685549146,0.419126091669385,2.47189489348117,3.53824141746783,2.04280463483294,"H"
"SWAN","2019","September","heated",3,112,15.2259357166658,6.71554537415114,3.87722192952131,"MT",3,4,0.113196716097306,0.130261099397898,0.0752062808023133,1.28706723138438,1.8766211088907,1.08346770238498,"H"
"SWAN","2019","September","heated",3,112,15.2259357166658,6.71554537415114,3.87722192952131,"nitro",3,1,0.169486801060739,0.272630991518179,0.157403576342455,0.885468915003591,1.29697924503024,0.748811316251567,"H"
"SWAN","2019","September","heated",3,112,15.2259357166658,6.71554537415114,3.87722192952131,"oBz",3,9,0.336329260226675,0.334253670737796,0.192981446778087,1.73631071828851,1.64869940863272,0.951877047386875,"H"
"SWAN","2019","September","heated",3,112,15.2259357166658,6.71554537415114,3.87722192952131,"oMT",3,10,0.000507427314836108,0.000878889890444388,0.000507427314836108,0.00286888002755359,0.00496904596854242,0.00286888002755359,"H"
"SWAN","2019","September","heated",3,112,15.2259357166658,6.71554537415114,3.87722192952131,"oST",3,6,0,0,0,0,0,0,"H"
"SWAN","2019","September","heated",3,112,15.2259357166658,6.71554537415114,3.87722192952131,"other",3,9,0.49364810000202,0.613977925863818,0.354480320773964,3.44036332979245,3.29441470460342,1.90203121652505,"H"
"SWAN","2019","September","heated",3,112,15.2259357166658,6.71554537415114,3.87722192952131,"ovoc",3,26,0.329569971699414,0.0791489701708148,0.0456966792342016,2.38518722375039,0.763558317806728,0.440840600327693,"H"
"SWAN","2019","September","heated",3,112,15.2259357166658,6.71554537415114,3.87722192952131,"ST",3,1,2.61280482593559,3.17045201804392,1.83046132607045,13.2543145186412,15.3990963596314,8.89067242851015,"H"
"SWAN","2019","September","heated",3,112,15.2259357166658,6.71554537415114,3.87722192952131,"sulfo",3,2,0,0,0,0,0,0,"H"
"SWAN","2019","September","heated_nitrogen",3,112,39.6988414131526,54.2661800491564,31.3305936592732,"acid",3,0,0,0,0,0,0,0,"HxN"
"SWAN","2019","September","heated_nitrogen",3,112,39.6988414131526,54.2661800491564,31.3305936592732,"alcohol",3,1,0.104404981000293,0.180834731655771,0.104404981000293,0.102306924594936,0.177200791364547,0.102306924594936,"HxN"
"SWAN","2019","September","heated_nitrogen",3,112,39.6988414131526,54.2661800491564,31.3305936592732,"aldehyde",3,4,6.1407870512183,6.64954512161961,3.83911666595564,16.8219498301201,19.0632338492024,11.0061631944618,"HxN"
"SWAN","2019","September","heated_nitrogen",3,112,39.6988414131526,54.2661800491564,31.3305936592732,"alkane",3,21,7.35911738222994,9.21413685568763,5.3197843939813,20.7639037033725,4.73056383892974,2.73119230582479,"HxN"
"SWAN","2019","September","heated_nitrogen",3,112,39.6988414131526,54.2661800491564,31.3305936592732,"alkene",3,1,0.299995519111347,0.170183637521664,0.0982555689348023,2.24898262453725,1.83313687871702,1.0583620703887,"HxN"
"SWAN","2019","September","heated_nitrogen",3,112,39.6988414131526,54.2661800491564,31.3305936592732,"Bz",3,4,3.61421666625668,4.06591895353632,2.3474594023274,17.2046753627962,13.3567782657769,7.71153952725243,"HxN"
"SWAN","2019","September","heated_nitrogen",3,112,39.6988414131526,54.2661800491564,31.3305936592732,"ester",3,8,0.558853605016018,0.827827263120711,0.477946293205253,1.43811760287117,0.737116643212311,0.425574492382781,"HxN"
"SWAN","2019","September","heated_nitrogen",3,112,39.6988414131526,54.2661800491564,31.3305936592732,"furan",3,3,1.20391773653258,1.46784533534632,0.847460899490934,3.25813716411239,1.51501560030494,0.874694664662538,"HxN"
"SWAN","2019","September","heated_nitrogen",3,112,39.6988414131526,54.2661800491564,31.3305936592732,"halogen",3,1,0.0353536057857028,0.0612342414515982,0.0353536057857028,0.0346431621041801,0.0600037168992847,0.0346431621041801,"HxN"
"SWAN","2019","September","heated_nitrogen",3,112,39.6988414131526,54.2661800491564,31.3305936592732,"isoprene",3,0,0,0,0,0,0,0,"HxN"
"SWAN","2019","September","heated_nitrogen",3,112,39.6988414131526,54.2661800491564,31.3305936592732,"ketone",3,1,1.17390466792772,1.20388257543674,0.6950619290011,3.46060645669698,4.1244385245754,2.38124569241967,"HxN"
"SWAN","2019","September","heated_nitrogen",3,112,39.6988414131526,54.2661800491564,31.3305936592732,"MT",3,4,2.58937523986383,4.36185065696555,2.51831565096401,2.8543346327925,4.02575565566606,2.32427111149046,"HxN"
"SWAN","2019","September","heated_nitrogen",3,112,39.6988414131526,54.2661800491564,31.3305936592732,"nitro",3,1,0.749237947587787,1.29517934288683,0.747772142264553,0.764376069234258,1.24388038704317,0.718154676299072,"HxN"
"SWAN","2019","September","heated_nitrogen",3,112,39.6988414131526,54.2661800491564,31.3305936592732,"oBz",3,9,0.776503891703934,0.796877746165471,0.460077581259857,3.791150405209,2.53222963703861,1.46198346259419,"HxN"
"SWAN","2019","September","heated_nitrogen",3,112,39.6988414131526,54.2661800491564,31.3305936592732,"oMT",3,10,0.744569951536686,1.28963298585064,0.744569951536686,0.729607545135277,1.2637173377599,0.729607545135277,"HxN"
"SWAN","2019","September","heated_nitrogen",3,112,39.6988414131526,54.2661800491564,31.3305936592732,"oST",3,6,1.07198383456702,1.8567304663626,1.07198383456702,1.05044192603925,1.81941878630049,1.05044192603925,"HxN"
"SWAN","2019","September","heated_nitrogen",3,112,39.6988414131526,54.2661800491564,31.3305936592732,"other",3,9,0.550333514509713,0.514548458884067,0.297074691247823,2.56326393879771,1.29814700579804,0.749485523245204,"HxN"
"SWAN","2019","September","heated_nitrogen",3,112,39.6988414131526,54.2661800491564,31.3305936592732,"ovoc",3,26,10.6334672608447,18.1210656441371,10.4622021276455,11.268925834046,17.0449520602056,9.840907660284,"HxN"
"SWAN","2019","September","heated_nitrogen",3,112,39.6988414131526,54.2661800491564,31.3305936592732,"ST",3,1,2.09281855746036,2.85580710873517,1.6488010029819,11.6445768175403,15.8467836442412,9.14914480279243,"HxN"
"SWAN","2019","September","heated_nitrogen",3,112,39.6988414131526,54.2661800491564,31.3305936592732,"sulfo",3,2,0,0,0,0,0,0,"HxN"
"SWAN","2019","September","nitrogen",3,112,49.816570955415,35.4302506803392,20.4556647677498,"acid",3,0,0.0025359510721153,0.00220071010074327,0.00127058056907246,0.00915461123817134,0.00869930912595613,0.00502254846563454,"N"
"SWAN","2019","September","nitrogen",3,112,49.816570955415,35.4302506803392,20.4556647677498,"alcohol",3,1,0.139281466162953,0.136505763335989,0.0788116392079685,0.301949902441097,0.250513769320323,0.144634192152797,"N"
"SWAN","2019","September","nitrogen",3,112,49.816570955415,35.4302506803392,20.4556647677498,"aldehyde",3,4,3.78843255960041,3.95834756145271,2.28535303015082,15.4200615698444,19.6685303635223,11.3556312999439,"N"
"SWAN","2019","September","nitrogen",3,112,49.816570955415,35.4302506803392,20.4556647677498,"alkane",3,21,12.8214659168584,11.586368613674,6.68939303803492,24.059399632669,5.5489857624199,3.20370842366253,"N"
"SWAN","2019","September","nitrogen",3,112,49.816570955415,35.4302506803392,20.4556647677498,"alkene",3,1,0.511330642089275,0.146082356962433,0.0843406881161155,1.37059739234885,0.736737730161191,0.425355726830717,"N"
"SWAN","2019","September","nitrogen",3,112,49.816570955415,35.4302506803392,20.4556647677498,"Bz",3,4,2.71813568303573,0.929770856177935,0.536803454099,6.75594245552968,3.33325009570614,1.92445284003228,"N"
"SWAN","2019","September","nitrogen",3,112,49.816570955415,35.4302506803392,20.4556647677498,"ester",3,8,0.744450954303148,1.04663636332457,0.604275786109092,1.03757198918929,0.991677663480314,0.572545365959698,"N"
"SWAN","2019","September","nitrogen",3,112,49.816570955415,35.4302506803392,20.4556647677498,"furan",3,3,0.890983563517407,0.666534131785047,0.38482366041017,3.04506320045979,2.66115199985154,1.5364168234688,"N"
"SWAN","2019","September","nitrogen",3,112,49.816570955415,35.4302506803392,20.4556647677498,"halogen",3,1,0,0,0,0,0,0,"N"
"SWAN","2019","September","nitrogen",3,112,49.816570955415,35.4302506803392,20.4556647677498,"isoprene",3,0,1.60879129442081,1.87681143490977,1.08357758716333,2.3594796220116,2.12011478418122,1.22404884135993,"N"
"SWAN","2019","September","nitrogen",3,112,49.816570955415,35.4302506803392,20.4556647677498,"ketone",3,1,1.9245267658545,1.71190990882168,0.988371646686587,4.27480882587219,3.28853140147301,1.89863448987898,"N"
"SWAN","2019","September","nitrogen",3,112,49.816570955415,35.4302506803392,20.4556647677498,"MT",3,4,0.185429763649858,0.00136386220311694,0.00078742621010712,0.518937625276884,0.333817477177527,0.192729610308647,"N"
"SWAN","2019","September","nitrogen",3,112,49.816570955415,35.4302506803392,20.4556647677498,"nitro",3,1,0.079029577159789,0.136883242941439,0.079029577159789,0.0883696820890949,0.153060779227022,0.0883696820890949,"N"
"SWAN","2019","September","nitrogen",3,112,49.816570955415,35.4302506803392,20.4556647677498,"oBz",3,9,2.78304837837747,2.03149690772494,1.17288528653289,6.36785439965864,5.24274773149718,3.0269018140732,"N"
"SWAN","2019","September","nitrogen",3,112,49.816570955415,35.4302506803392,20.4556647677498,"oMT",3,10,0.0122749041336388,0.0212607576174996,0.0122749041336388,0.0580149373282301,0.100484819050419,0.0580149373282301,"N"
"SWAN","2019","September","nitrogen",3,112,49.816570955415,35.4302506803392,20.4556647677498,"oST",3,6,1.38955211090296,1.38864272543812,0.801733251339917,2.22863669508239,1.94460615304826,1.12271888593022,"N"
"SWAN","2019","September","nitrogen",3,112,49.816570955415,35.4302506803392,20.4556647677498,"other",3,9,0.689938188719806,0.656935642909676,0.379281970274161,1.98840984338139,1.7368371646074,1.00276340452463,"N"
"SWAN","2019","September","nitrogen",3,112,49.816570955415,35.4302506803392,20.4556647677498,"ovoc",3,26,8.04353774492901,6.83911467805538,3.94856470039399,17.244455933793,17.8132910913424,10.2845084067397,"N"
"SWAN","2019","September","nitrogen",3,112,49.816570955415,35.4302506803392,20.4556647677498,"ST",3,1,11.4838254906276,19.8504867351976,11.4606838601114,12.8712916817864,22.1703215496405,12.8000411147055,"N"
"SWAN","2019","September","nitrogen",3,112,49.816570955415,35.4302506803392,20.4556647677498,"sulfo",3,2,0,0,0,0,0,0,"N"
